,Chest Accel,Ankle Accel,Wrist Gyro,Early Fusion,Late Fusion
Standing still,0.749003984063745,0.6586345381526104,0.8803827751196173,0.8,0.8068669527896996
Sitting & relaxing,0.496,0.6438356164383562,0.6944444444444444,0.6619718309859155,0.6853146853146853
Lying down,1.0,1.0,0.8103448275862069,0.9946524064171123,1.0
Walking,0.676056338028169,1.0,0.8220858895705522,1.0,1.0
Climbing stairs,0.782608695652174,0.9508196721311475,0.9625668449197861,1.0,1.0
Waist bends forward,1.0,0.774869109947644,0.5217391304347826,0.9937888198757764,1.0
Frontal elevation of arms,1.0,0.7388535031847133,1.0,1.0,1.0
Knees bending (crouching),0.9777777777777777,0.7132867132867133,0.7456140350877193,0.9942857142857143,1.0
Cycling,1.0,0.9312169312169312,0.9261083743842364,1.0,1.0
Jogging,0.967032967032967,0.9782608695652174,0.9946524064171123,1.0,0.9946524064171123
Running,0.9690721649484536,0.9791666666666666,1.0,1.0,0.9947089947089947
Jump front & back,1.0,1.0,0.5454545454545454,1.0,1.0
